1,google.com
2,youtube.com
3,baidu.com
4,facebook.com
5,qq.com
6,bing.com
7,zhihu.com
8,amazon.com
9,instagram.com
10,twitter.com
11,wikipedia.org
12,yahoo.com
13,csdn.net
14,bilibili.com
15,whatsapp.com
16,linkedin.com
17,reddit.com
18,taobao.com
19,163.com
20,yandex.ru
21,weibo.com
22,zoom.us
23,live.com
24,google.com.hk
25,sina.com.cn
26,vk.com
27,cctv.com
28,github.com
29,xvideos.com
30,microsoft.com
31,tiktok.com
32,pornhub.com
33,canva.com
34,office.com
35,jd.com
36,t.co
37,paypal.com
38,dzen.ru
39,apple.com
40,yahoo.co.jp
41,naver.com
42,aliexpress.com
43,mail.ru
44,sohu.com
45,xhamster.com
46,fandom.com
47,netflix.com
48,microsoftonline.com
49,cnblogs.com
50,ebay.com
51,amazon.in
52,alipay.com
53,tmall.com
54,stackoverflow.com
55,pinterest.com
56,hao123.com
57,spankbang.com
58,telegram.org
59,1688.com
60,douban.com
61,myshopify.com
62,aliyun.com
63,tencent.com
64,msn.com
65,spotify.com
66,quora.com
67,imdb.com
68,etsy.com
69,so.com
70,xnxx.com
71,adobe.com
72,deepl.com
73,duckduckgo.com
74,twimg.com
75,amazon.co.uk
76,google.co.in
77,jianshu.com
78,freepik.com
79,indeed.com
80,nih.gov
81,amazon.co.jp
82,iqiyi.com
83,douyu.com
84,feishu.cn
85,t.me
86,xiaohongshu.com
87,doubleclick.net
88,walmart.com
89,sogou.com
90,360.cn
91,twitch.tv
92,imgur.com
93,shopify.com
94,ilovepdf.com
95,fifa.com
96,mega.nz
97,pixiv.net
98,sciencedirect.com
99,bbc.com
100,avito.ru
101,booking.com
102,miguvideo.com
103,3dmgame.com
104,wordpress.com
105,cnn.com
106,douyin.com
107,chaturbate.com
108,youku.com
109,force.com
110,office365.com
111,tradingview.com
112,mediafire.com
113,ok.ru
114,udemy.com
115,youdao.com
116,nytimes.com
117,amazonaws.com
118,amazon.it
119,alibaba.com
120,steamcommunity.com
121,realsrv.com
122,globo.com
123,flipkart.com
124,researchgate.net
125,atlassian.net
126,digikala.com
127,discord.com
128,onlyfans.com
129,espn.com
130,ozon.ru
131,medium.com
132,redd.it
133,docin.com
134,tumblr.com
135,w3schools.com
136,grammarly.com
137,wetransfer.com
138,51cto.com
139,gitee.com
140,google.co.uk
141,fiverr.com
142,google.de
143,book118.com
144,binance.com
145,eastmoney.com
146,zhibo8.cc
147,trello.com
148,jb51.net
149,dropbox.com
150,smzdm.com
151,rakuten.co.jp
152,chase.com
153,google.co.jp
154,behance.net
155,speedtest.net
156,amazon.ca
157,amazon.de
158,savefrom.net
159,vimeo.com
160,toutiao.com
161,okta.com
162,archive.org
163,dcinside.com
164,slack.com
165,notion.so
166,linktr.ee
167,steampowered.com
168,varzesh3.com
169,amazon.es
170,soso.com
171,wildberries.ru
172,uol.com.br
173,fc2.com
174,google.ru
175,patreon.com
176,amazon.fr
177,huawei.com
178,cloudfront.net
179,y2mate.com
180,gosuslugi.ru
181,theguardian.com
182,instructure.com
183,yandex.com
184,tistory.com
185,bet365.com
186,runoob.com
187,shutterstock.com
188,google.es
189,quillbot.com
190,bbc.co.uk
191,bestbuy.com
192,samsung.com
193,aliexpress.ru
194,eporner.com
195,stackexchange.com
196,daum.net
197,figma.com
198,gamersky.com
199,quizlet.com
200,dailymail.co.uk
201,yuque.com
202,zendesk.com
203,godaddy.com
204,stripe.com
205,googlevideo.com
206,upwork.com
207,livejasmin.com
208,namu.wiki
209,pexels.com
210,missav.com
211,salesforce.com
212,chess.com
213,google.com.mx
214,amazon.com.mx
215,mozilla.org
216,remove.bg
217,nicovideo.jp
218,google.com.tw
219,zhihuishu.com
220,hubspot.com
221,zol.com.cn
222,marca.com
223,roblox.com
224,foxnews.com
225,deviantart.com
226,ups.com
227,zoho.com
228,ifeng.com
229,line.me
230,trendyol.com
231,bankofamerica.com
232,pixabay.com
233,target.com
234,coinmarketcap.com
235,zillow.com
236,zoukankan.com
237,indiatimes.com
238,envato.com
239,360doc.com
240,eastday.com
241,investing.com
242,ikea.com
243,dmm.co.jp
244,shein.com
245,shaparak.ir
246,google.ca
247,thepaper.cn
248,5ch.net
249,qidian.com
250,pinimg.com
251,sxyprn.com
252,mi.com
253,xueqiu.com
254,lx.pub
255,autohome.com.cn
256,hitomi.la
257,shopee.tw
258,scribd.com
259,coupang.com
260,craigslist.org
261,primevideo.com
262,livedoor.jp
263,huaban.com
264,nike.com
265,chinaz.com
266,office.net
267,tokyomotion.net
268,tampermonkey.net
269,yts.mx
270,fmkorea.com
271,nhentai.net
272,intuit.com
273,reverso.net
274,homedepot.com
275,google.co.th
276,google.com.tr
277,op.gg
278,xxxxx520.com
279,blogger.com
280,hotstar.com
281,bendibao.com
282,pconline.com.cn
283,unsplash.com
284,wix.com
285,epicgames.com
286,aparat.com
287,dell.com
288,oracle.com
289,weather.com
290,hp.com
291,stripchat.com
292,e-hentai.org
293,coursera.org
294,9gag.com
295,hulu.com
296,istockphoto.com
297,usps.com
298,google.cn
299,kdocs.cn
300,geeksforgeeks.org
301,youporn.com
302,weibo.cn
303,livescore.com
304,aliyuncs.com
305,mercadolibre.com.mx
306,chsi.com.cn
307,noodlemagazine.com
308,yiyouliao.com
309,oschina.net
310,fedex.com
311,wikimedia.org
312,atlassian.com
313,gstatic.com
314,kooora.com
315,as.com
316,wellsfargo.com
317,healthline.com
318,xhamsterlive.com
319,icourse163.org
320,animeflv.net
321,hepsiburada.com
322,zhipin.com
323,torob.com
324,cricbuzz.com
325,azure.com
326,178.com
327,google.com.sg
328,europa.eu
329,gogoanime.ar
330,cnki.net
331,bytedance.net
332,asana.com
333,soundcloud.com
334,messenger.com
335,taboola.com
336,php.cn
337,lazada.sg
338,yuketang.cn
339,wordpress.org
340,goodreads.com
341,google.com.br
342,foxsports.com
343,animixplay.to
344,capitalone.com
345,softonic.com
346,cupfox.app
347,wappalyzer.com
348,ilive.cn
349,nyaa.si
350,cambridge.org
351,xhamster18.desi
352,gofile.io
353,mihoyo.com
354,aliexpress.us
355,disneyplus.com
356,google.fr
357,myzaker.com
358,apple.com.cn
359,artstation.com
360,academia.edu
361,ampproject.org
362,forbes.com
363,cloudflare.com
364,blog.jp
365,wp.pl
366,ithome.com
367,librefutbol.com
368,jetbrains.com
369,zippyshare.com
370,americanexpress.com
371,divar.ir
372,mailchimp.com
373,sahibinden.com
374,tapd.cn
375,service-now.com
376,sourceforge.net
377,costco.com
378,acfun.cn
379,shimo.im
380,hdfcbank.com
381,ifknittedhurtful.com
382,goal.com
383,yearbookhobblespinal.com
384,dailymotion.com
385,qcc.com
386,google.com.sa
387,relativelyweptcurls.com
388,nvidia.com
389,wise.com
390,moleconcern.com
391,1337x.to
392,ameblo.jp
393,redgifs.com
394,onet.pl
395,fast.com
396,gmw.cn
397,shopee.co.id
398,dlsite.com
399,smallpdf.com
400,tripadvisor.com
401,ign.com
402,veilsuccessfully.com
403,txxx.com
404,zoro.to
405,nga.cn
406,amazon.com.au
407,integrityprinciplesthorough.com
408,seznam.cz
409,jable.tv
410,asus.com
411,box.com
412,mydrivers.com
413,ruliweb.com
414,tractorfoolproofstandard.com
415,likecs.com
416,nature.com
417,google.com.ar
418,www.gov.cn
419,naukri.com
420,porntrex.com
421,onlinedown.net
422,kakao.com
423,washingtonpost.com
424,myworkday.com
425,visualstudio.com
426,majorityevaluatewiped.com
427,speedtest.cn
428,thesaurus.com
429,thisvid.com
430,rumble.com
431,zxxk.com
432,google.com.eg
433,lenovo.com
434,guancha.cn
435,cnbc.com
436,sinaimg.cn
437,sina.cn
438,cdninstagram.com
439,genius.com
440,yalla-shoot.io
441,lanhuapp.com
442,zcool.com.cn
443,lightssyrupdecree.com
444,v2ex.com
445,npmjs.com
446,irctc.co.in
447,nowcoder.com
448,wps.cn
449,ouo.io
450,slickdeals.net
451,mit.edu
452,gismeteo.ru
453,docomo.ne.jp
454,360.com
455,lottery.gov.cn
456,gitlab.com
457,doc88.com
458,eksisozluk.com
459,chapmanganato.com
460,parkingridiculous.com
461,shopee.co.th
462,erome.com
463,macys.com
464,tokopedia.com
465,amazon.sa
466,reproductiontape.com
467,infobae.com
468,ieee.org
469,423down.com
470,zhaopin.com
471,shopee.com.my
472,archiveofourown.org
473,crjpgate.com
474,codepen.io
475,oraclecloud.com
476,tallysaturatesnare.com
477,www.gov.uk
478,espncricinfo.com
479,dytt8.net
480,kuaishou.com
481,libvio.me
482,rakuten.com
483,zerodha.com
484,skype.com
485,google.co.kr
486,convertio.co
487,acs.org
488,chegg.com
489,bitly.com
490,themeforest.net
491,quark.cn
492,yelp.com
493,whiskerssituationdisturb.com
494,chinatax.gov.cn
495,uptodown.com
496,hm.com
497,segmentfault.com
498,trustpilot.com
499,rutracker.org
500,biancheng.net
501,wowhead.com
502,jiocinema.com
503,beinsports.com
504,freecodecamp.org
505,discogs.com
506,onlinesbi.sbi
507,zju.edu.cn
508,amap.com
509,webex.com
510,gamer.com.tw
511,arca.live
512,dhl.com
513,bitbucket.org
514,123pan.com
515,alltopspot.com
516,adp.com
517,afreecatv.com
518,investopedia.com
519,ibm.com
520,bdimg.com
521,lowes.com
522,alicdn.com
523,xbox.com
524,manage.wix.com
525,merriam-webster.com
526,directcpmrev.com
527,maigoo.com
528,coursehero.com
529,dribbble.com
530,juejin.cn
531,hostinger.com
532,apache.org
533,ghxi.com
534,dingtalk.com
535,2345.com
536,tktube.com
537,xuexi.cn
538,motherless.com
539,tutorialspoint.com
540,nextdoor.com
541,supjav.com
542,chaoxing.com
543,rt.com
544,wikihow.com
545,vnexpress.net
546,amazon.eg
547,google.com.au
548,fidelity.com
549,canada.ca
550,srchdale.com
551,ctfile.com
552,alibaba-inc.com
553,reuters.com
554,tianyancha.com
555,leetcode.cn
556,icloud.com
557,cloudconvert.com
558,flashscore.com
559,hesgoal.com
560,tianya.cn
561,wayfair.com
562,att.com
563,kohls.com
564,b2clogin.com
565,lanzoui.com
566,biligame.com
567,interia.pl
568,china.com
569,4chan.org
570,proton.me
571,eroterest.net
572,surfshark.com
573,theporndude.com
574,beijing.gov.cn
575,riotgames.com
576,turkiye.gov.tr
577,accuweather.com
578,qualtrics.com
579,udn.com
580,tnaflix.com
581,ca.gov
582,kinopoisk.ru
583,playstation.com
584,gsmarena.com
585,icicibank.com
586,asos.com
587,updateenow.com
588,redtube.com
589,bbsmax.com
590,hbomax.com
591,uchi.ru
592,hupu.com
593,bloomberg.com
594,forms.gle
595,pornzog.com
596,hqporner.com
597,pearson.com
598,calendly.com
599,businessinsider.com
600,gamespot.com
601,squarespace.com
602,python.org
603,outbrain.com
604,nintendo.com
605,ebay.com.au
606,nypost.com
607,weebly.com
608,digitalocean.com
609,agoda.com
610,getbootstrap.com
611,cnet.com
612,googlesyndication.com
613,dood.re
614,for-j.com
615,anxia.com
616,internetdownloadmanager.com
617,namecheap.com
618,rambler.ru
619,dongqiudi.com
620,asura.gg
621,uidai.gov.in
622,myntra.com
623,189.cn
624,britannica.com
625,lazada.co.th
626,typeform.com
627,noonoo.tv
628,powerbi.com
629,tsinghua.edu.cn
630,18183.com
631,ibaotu.com
632,rojadirectaenvivo.club
633,javatpoint.com
634,soap2day.to
635,ria.ru
636,autodesk.com
637,srvtrck.com
638,tinyurl.so
639,fapello.com
640,list-manage.com
641,evernote.com
642,battle.net
643,myworkdayjobs.com
644,tamin.ir
645,ixigua.com
646,schoology.com
647,duolingo.com
648,videocampaign.co
649,mdpi.com
650,126.com
651,poki.com
652,google.co.id
653,wsj.com
654,boyfriendtv.com
655,ptt.cc
656,3d66.com
657,btnull.org
658,youjizz.com
659,norton.com
660,9anime.vc
661,ulried.com
662,x-mol.com
663,glassdoor.com
664,52pojie.cn
665,state.gov
666,detik.com
667,51job.com
668,91porn.com
669,58pic.com
670,ndtv.com
671,iloveimg.com
672,jinritemai.com
673,slideshare.net
674,wjx.cn
675,wanfangdata.com.cn
676,hotmart.com
677,rule34.xxx
678,intel.com
679,rottentomatoes.com
680,lenta.ru
681,mayoclinic.org
682,snapchat.com
683,wattpad.com
684,huya.com
685,hao6v.cc
686,frontiersin.org
687,amazon.cn
688,upornia.com
689,fitgirl-repacks.site
690,mercadolibre.com.ar
691,gumroad.com
692,ebay.co.uk
693,elpais.com
694,docker.com
695,dreamstime.com
696,semrush.com
697,faphouse.com
698,tandfonline.com
699,netease.com
700,ali213.net
701,nvidia.cn
702,syosetu.com
703,wiktionary.org
704,shuzhiduo.com
705,rezka.ag
706,wordreference.com
707,myanimelist.net
708,sberbank.ru
709,javhdporn.net
710,telewebion.com
711,crunchyroll.com
712,xunlei.com
713,mangadex.org
714,mercari.com
715,pdfdrive.com
716,atwiki.jp
717,blackboard.com
718,surveymonkey.com
719,sspai.com
720,google.com.vn
721,newegg.com
722,monday.com
723,meijutt.tv
724,wallhaven.cc
725,91porny.com
726,loom.com
727,flickr.com
728,allegro.pl
729,gitee.io
730,cocomanga.com
731,ebay.de
732,spiegel.de
733,4channel.org
734,docusign.com
735,iconfont.cn
736,livedoor.com
737,dy2018.com
738,processon.com
739,cisco.com
740,webofscience.com
741,olx.com.br
742,olevod.com
743,flaticon.com
744,springer.com
745,webtoons.com
746,citi.com
747,sznews.com
748,game8.jp
749,expedia.com
750,javmix.tv
751,gamewith.jp
752,shopee.vn
753,harvard.edu
754,cbssports.com
755,storage.googleapis.com
756,pornpics.com
757,lanzouv.com
758,leetcode.com
759,xfantazy.com
760,4399.com
761,ezgif.com
762,sportsteam666.com
763,aljazeera.com
764,eitaa.com
765,aol.com
766,tvazteca.com
767,bild.de
768,vmware.com
769,hh.ru
770,openai.com
771,pornone.com
772,discordapp.com
773,mos.ru
774,okezone.com
775,avgle.com
776,noon.com
777,wykop.pl
778,amd.com
779,makeuseof.com
780,directcpmfwr.com
781,wiley.com
782,issuu.com
783,ouchn.cn
784,vecteezy.com
785,shopee.ph
786,66law.cn
787,adobelogin.com
788,pcbeta.com
789,lenovo.com.cn
790,oup.com
791,ixxx.com
792,49n7wqynho5u.top
793,airbnb.com
794,idnes.cz
795,cpta.com.cn
796,nalog.ru
797,elsevier.com
798,woa.com
799,cityheaven.net
800,dianxiaomi.com
801,uptobox.com
802,ytimg.com
803,miro.com
804,lectortmo.com
805,emojipedia.org
806,manatoki163.net
807,xiaoman.cn
808,ebay-kleinanzeigen.de
809,windowsazure.com
810,9game.cn
811,ultimate-guitar.com
812,sporttery.cn
813,amazon.com.tr
814,chiphell.com
815,mercadolivre.com.br
816,17track.net
817,xiumi.us
818,bongacams.com
819,sh.gov.cn
820,indiamart.com
821,docusign.net
822,1x001.com
823,paramountplus.com
824,thepiratebay.org
825,google.az
826,vidio.com
827,usatoday.com
828,alkoora.live
829,sofascore.com
830,files.wordpress.com
831,javdb.com
832,corriere.it
833,realtor.com
834,ok.xxx
835,xfinity.com
836,uslycoloursewo.com
837,bp.blogspot.com
838,optnx.com
839,amazon.ae
840,dcloud.net.cn
841,streamtape.com
842,yisu.com
843,kickstarter.com
844,tap.az
845,verizon.com
846,kissjav.li
847,sagepub.com
848,ofchildr.buzz
849,appsflyer.com
850,yandex.com.tr
851,po-kaki-to.com
852,downxia.com
853,pirlotv.fr
854,notion.site
855,dstv.com
856,kugou.com
857,media-amazon.com
858,elmundo.es
859,linkedin.cn
860,discover.com
861,bdys01.com
862,freepik.es
863,peacocktv.com
864,xe.com
865,doordash.com
866,goo.ne.jp
867,folkstalk.com
868,offcn.com
869,xero.com
870,bankmellat.ir
871,360kuai.com
872,justdial.com
873,huxiu.com
874,inven.co.kr
875,disqus.com
876,livejournal.com
877,xiaomi.com
878,1stream.link
879,similarweb.com
880,apkpure.com
881,ip138.com
882,substack.com
883,sci-hub.se
884,dhl.de
885,vuejs.org
886,huatu.com
887,dw.com
888,auth0.com
889,google.it
890,codenong.com
891,plex.tv
892,doorblog.jp
893,lanzouw.com
894,score808.com
895,patria.org.ve
896,jstor.org
897,meituan.com
898,ustc.edu.cn
899,thingiverse.com
900,moneycontrol.com
901,feedly.com
902,xvideos-cdn.com
903,bhphotovideo.com
904,criteo.com
905,consultant.ru
906,ettoday.net
907,ximalaya.com
908,bunkr.is
909,kakuyomu.jp
910,unity.com
911,justwatch.com
912,gdz.ru
913,pngwing.com
914,sap.com
915,infourok.ru
916,steamdb.info
917,axshare.com
918,jaavnacsdw.com
919,dns-shop.ru
920,dmm.com
921,allrecipes.com
922,ea.com
923,yoozhibo.com
924,ilbe.com
925,11st.co.kr
926,repubblica.it
927,airtable.com
928,pixnet.net
929,nba.com
930,fantia.jp
931,ngabbs.com
932,lazada.com.ph
933,animego.org
934,rubika.ir
935,fmovies.to
936,codecanyon.net
937,studfile.net
938,superuser.com
939,sf-express.com
940,bein.com
941,novinky.cz
942,n-tv.de
943,piliapp.com
944,turbo.az
945,etherscan.io
946,vg.no
947,google.co.ve
948,sjtu.edu.cn
949,hindustantimes.com
950,windows.net
951,caliente.mx
952,gd.gov.cn
953,t-online.de
954,lazada.com.my
955,nexusmods.com
956,itmedia.co.jp
957,www.gov.br
958,wp.com
959,daraz.pk
960,togetter.com
961,xitongzhijia.net
962,made-in-china.com
963,donmai.us
964,neea.edu.cn
965,elcomercio.pe
966,jotform.com
967,webmd.com
968,furaffinity.net
969,renrendoc.com
970,redbubble.com
971,right.com.cn
972,awaliwa.com
973,android.com
974,fuliba2023.net
975,pchome.com.tw
976,yjbys.com
977,flash.cn
978,news.com.au
979,blizzard.com
980,jandan.net
981,uniqlo.com
982,marriott.com
983,hurriyet.com.tr
984,drom.ru
985,soccerstreams.net
986,goo.gl
988,clarin.com
989,abema.tv
990,jav.guru
991,siteground.com
992,directvgo.com
993,ondemand.com
994,exness.com
995,schwab.com
996,jut.su
997,go.com
998,mundodeportivo.com
999,serebii.net
1000,mathworks.com
1001,epfindia.gov.in
1002,manhuagui.com
1003,sat.gob.mx
1004,emofid.com
1005,pianshen.com
1006,kakaku.com
1007,td.com
1008,nu.nl
1009,live-kooora.com
1010,japanpost.jp
1011,livesoccertv.com
1012,farfetch.com
1013,redfin.com
1014,oceanengine.com
1015,9damaogame.net
1016,biblegateway.com
1017,payoneer.com
1018,yhdmp.cc
1019,koora.live
1020,livetv.sx
1021,buzzfeed.com
1022,imagetwist.com
1023,makemytrip.com
1024,activehosted.com
1025,linkvertise.com
1026,iporntv.net
1027,hltv.org
1028,manganato.com
1029,6080dy1.com
1030,subhd.tv
1031,bmi.ir
1032,muchong.com
1033,eshkol.io
1034,699pic.com
1035,yallakora.com
1036,teachable.com
1037,marketwatch.com
1038,chinadaily.com.cn
1039,52poke.com
1040,flightradar24.com
1041,pornez.net
1042,zaobao.com
1043,akamaized.net
1044,lichess.org
1045,ynet.co.il
1046,xhamster3.com
1047,cnki.com.cn
1048,rutube.ru
1049,prothomalo.com
1050,tb.cn
1051,ticketmaster.com
1052,basecamp.com
1053,joinhoney.com
1054,clien.net
1055,91duba.com
1056,depor.com
1057,opensea.io
1058,adyen.com
1059,parivahan.gov.in
1060,opensooq.com
1061,freshdesk.com
1062,onelogin.com
1063,cengage.com
1064,ansa.it
1065,y2mate.is
1066,delta.com
1067,un.org
1068,bale.ai
1069,eventbrite.com
1070,cdiscount.com
1071,whois.com
1072,unipus.cn
1073,hanime1.me
1074,11467.com
1075,17173.com
1076,51miz.com
1077,youm7.com
1078,userscript.zone
1079,webflow.com
1080,sbs.com.au
1081,nhk.or.jp
1082,todesk.com
1083,chatwork.com
1084,zj.gov.cn
1085,skysports.com
1086,zara.com
1087,quizizz.com
1088,techradar.com
1089,mypoweroffer.com
1090,cdc.gov
1091,roudoduor.com
1092,correios.com.br
1093,aznude.com
1094,kaggle.com
1095,nfl.com
1096,emalls.ir
1097,yandex.net
1098,sozcu.com.tr
1099,fazenda.gov.br
1100,bilibili.tv
1101,coinbase.com
1102,500.com
1103,cint.com
1104,yanetflix.com
1105,fontawesome.com
1106,rbc.ru
1107,windscrape.com
1108,5movierulz.mx
1109,16personalities.com
1110,hdtoday.tv
1111,oray.com
1112,dbs.com.sg
1113,szlcsc.com
1114,rsc.org
1115,mynet.com
1116,mgtv.com
1117,wnacg.org
1118,ecosia.org
1119,iwara.tv
1120,foodnetwork.com
1121,myvidster.com
1122,mercadolibre.com.ve
1123,adliran.ir
1124,google.com.pk
1125,dmzj.com
1126,billdesk.com
1127,ltn.com.tw
1128,pikabu.ru
1129,index.hr
1130,it1352.com
1131,india.com
1132,noticias.uol.com.br
1133,tableau.com
1134,kompas.com
1135,ysgc.cc
1136,ssyoutube.com
1137,sarkariresult.com
1138,iqbroker.com
1139,mcmod.cn
1140,elecfans.com
1141,championat.com
1142,dandanzan10.top
1143,trtizle.com
1144,zsxq.com
1145,letpub.com.cn
1146,pcauto.com.cn
1147,czspp.com
1148,mobile01.com
1149,hatenablog.com
1150,successfactors.eu
1151,online-convert.com
1152,gazzetta.it
1153,fanbox.cc
1154,sky.com
1155,mirconnect.ru
1156,taleo.net
1157,dipaka-ead.com
1158,pinduoduo.com
1159,moe.gov.cn
1160,teambition.com
1161,ya.ru
1162,doujin-freee.com
1163,dianping.com
1164,concursolutions.com
1165,igram.io
1166,ashemaletube.com
1167,takealot.com
1168,weiyun.com
1169,theverge.com
1170,jeuxvideo.com
1171,spectrum.net
1172,nasa.gov
1173,twittervideodownloader.com
1174,telegra.ph
1175,google.com.my
1176,rightmove.co.uk
1177,note.com
1178,squareup.com
1179,chosun.com
1180,w3school.com.cn
1181,downza.cn
1182,nsportal.ru
1183,tenor.com
1184,m-team.cc
1185,socialblade.com
1186,themoviedb.org
1187,gushiwen.cn
1188,akakce.com
1189,olx.ua
1190,moegirl.org.cn
1191,cqvip.com
1192,coingecko.com
1193,xvideos.red
1194,battlenet.com.cn
1195,thesun.co.uk
1196,uber.com
1197,secureserver.net
1198,ikco.ir
1199,towardsdatascience.com
1200,sportingnews.com
1201,bc.game
1202,mixdrop.co
1203,google.com.ua
1204,camwhores.tv
1205,huffpost.com
1206,fenbi.com
1207,mydramalist.com
1208,modao.cc
1209,tesswithoughcle.com
1210,filimo.com
1211,dangdang.com
1212,royalbank.com
1213,yangkeduo.com
1214,pixlr.com
1215,simpcity.su
1216,jw.org
1217,workplace.com
1218,zingnews.vn
1219,newtoki163.com
1220,desmos.com
1221,appinn.com
1222,npr.org
1223,zalo.me
1224,fanfiction.net
1225,proxyrarbg.org
1226,indianexpress.com
1227,mokahr.com
1228,ibb.co
1229,drive2.ru
1230,clips4sale.com
1231,habr.com
1232,ahrefs.com
1233,twinrdsyn.com
1234,lefigaro.fr
1235,lanacion.com.ar
1236,zapier.com
1237,clarivate.com
1238,fubo.tv
1239,adidas.com
1240,xuexila.com
1241,ancestry.com
1242,yoojia.com
1243,irs.gov
1244,tinypng.com
1245,fantuanhd.com
1246,torrentgalaxy.to
1247,f95zone.to
1248,sportskeeda.com
1249,dev.to
1250,9anime.to
1251,lastpass.com
1252,tagesschau.de
1253,hostinger.in
1254,sendinblue.com
1255,snov.io
1256,lanzoux.com
1257,xiaoeknow.com
1258,voe.sx
1259,rule34video.com
1260,pixhost.to
1261,sony.com
1262,wargaming.net
1263,medicalnewstoday.com
1264,screenrant.com
1265,sxyprn.net
1266,abc.net.au
1267,hclips.com
1268,7mmtv.sx
1269,hust.edu.cn
1270,dongchedi.com
1271,hk01.com
1272,gamerant.com
1273,fuq.com
1274,lg.com
1275,saraba1st.com
1276,giphy.com
1277,iranecar.com
1278,duosecurity.com
1279,sephora.com
1280,sbrf.ru
1281,trilltrill.jp
1282,study.com
1283,socialmediagirls.com
1284,clickup.com
1285,askubuntu.com
1286,gettyimages.com
1287,t-mobile.com
1288,soap2day.ac
1289,vjav.com
1290,miwifi.com
1291,tenki.jp
1292,64365.com
1293,pornhat.com
1294,gaoding.com
1295,toffeelive.com
1296,ukr.net
1297,google.dz
1298,pcmag.com
1299,hdslb.com
1300,chinatimes.com
1301,ssa.gov
1302,aa.com
1303,sz.gov.cn
1304,mnw.cn
1305,ameritrade.com
1306,g2afse.com
1307,lemonde.fr
1308,narvar.com
1309,findlaw.cn
1310,ylwt33.com
1311,xitongcheng.com
1312,nordvpn.com
1313,science.org
1314,google.pl
1315,dogdrip.net
1316,terabox.com
1317,itch.io
1318,whatismyipaddress.com
1319,cookpad.com
1320,xhamster.desi
1321,turnitin.com
1322,yimg.com
1323,hdzog.com
1324,xu2.com
1325,ubisoft.com
1326,timeanddate.com
1327,w3cschool.cn
1328,e621.net
1329,pngtree.com
1330,moudamepo.com
1331,eepw.com.cn
1332,xjtu.edu.cn
1333,kontur.ru
1334,pku.edu.cn
1335,idongde.com
1336,shaheed4u.pics
1337,beeg.com
1338,livemint.com
1339,2chan.net
1340,kanzhun.com
1341,game8.co
1342,hetapus.com
1343,lanzoue.com
1344,yakkun.com
1345,hootsuite.com
1346,msn.cn
1347,metacritic.com
1348,jd.hk
1349,dafont.com
1350,ask.com
1351,youth.cn
1352,sehuatang.org
1353,mangakakalot.com
1354,mercadolibre.com
1355,qoo10.sg
1356,webmota.com
1357,bakusai.com
1358,apnews.com
1359,brightspace.com
1360,stanford.edu
1361,tsetmc.com
1362,mysmth.net
1363,uscis.gov
1364,smdyy.cc
1365,thehindu.com
1366,imooc.com
1367,payu.in
1368,kafan.cn
1369,folha.uol.com.br
1370,byjus.com
1371,kemdikbud.go.id
1372,informer.com
1373,statista.com
1374,proquest.com
1375,gazeta.pl
1376,lanzouy.com
1377,citilink.ru
1378,1r1g.com
1379,people.com
1380,pantip.com
1381,bybit.com
1382,bmcx.com
1383,yadongtube.net
1384,lanzout.com
1385,calculator.net
1386,tinder.com
1387,adpointrtb.com
1388,bluehost.com
1389,tvpublica.com.ar
1390,utorrent.com
1391,scs.gov.cn
1392,gmarket.co.kr
1393,weakstreams.com
1394,nate.com
1395,zhaket.com
1396,zhangshilong.cn
1397,editor.wix.com
1398,pastebin.com
1399,azertag.az
1400,vjshi.com
1401,gimy.app
1402,xvideos.es
1403,yektanet.com
1404,polygon.com
1405,farsnews.ir
1406,tvp.pl
1407,csod.com
1408,absher.sa
1409,dramacool.cr
1410,rei.com
1411,constantcontact.com
1412,tabelog.com
1413,xiaoheimi.net
1414,zzzmh.cn
1415,haberturk.com
1416,unblockit.page
1417,usbank.com
1418,fsoufsou.com
1419,myflixer.to
1420,greasyfork.org
1421,woshipm.com
1422,trip.com
1423,arcgis.com
1424,hanime.tv
1425,anydesk.com
1426,tvtropes.org
1427,impress.co.jp
1428,ctrip.com
1429,elespanol.com
1430,expressvpn.com
1431,fang.com
1432,subscene.com
1433,nbcnews.com
1434,wordtune.com
1435,somode.com
1436,adsco.re
1437,fextralife.com
1438,spring.io
1439,programiz.com
1440,edx.org
1441,ebay.ca
1442,anorrecenturybr.com
1443,mexc.com
1444,rediff.com
1445,olx.in
1446,pokemondb.net
1447,report.az
1448,justpaste.it
1449,huggingface.co
1450,mangaraw.to
1451,badoo.com
1452,huorong.cn
1453,tycsports.com
1454,cvs.com
1455,sports.ru
1456,thefreedictionary.com
1457,10086.cn
1458,activision.com
1459,antfin.com
1460,voflix.com
1461,newgrounds.com
1462,teamviewer.com
1463,myfreecams.com
1464,cmbchina.com
1465,36kr.com
1466,2gis.ru
1467,cas.cn
1468,vegamovies.fyi
1469,aizhan.com
1470,qatar2022.qa
1471,coinpayu.com
1472,google.co.za
1473,mangaraw.vip
1474,incestflix.com
1475,klaviyo.com
1476,gst.gov.in
1477,ssstwitter.com
1478,poshmark.com
1479,yandex.kz
1480,libgen.rs
1481,58.com
1482,capitaloneshopping.com
1483,totalsportek.pro
1484,cuny.edu
1485,jianguoyun.com
1486,msi.com
1487,ahhhhfs.com
1488,enamad.ir
1489,jbhifi.com.au
1490,ggpht.com
1491,baeldung.com
1492,zxzj.vip
1493,liepin.com
1494,wannianli8.com
1495,berkeley.edu
1496,lazada.co.id
1497,mango.com
1498,paytm.in
1499,startpeace.net
1500,mk.ru
1501,javmost.cx
1502,anjuke.com
1503,business.site
1504,duote.com
1505,web.de
1506,ebscohost.com
1507,vcg.com
1508,hdmoli.com
1509,kayak.com
1510,1377x.to
1511,orf.at
1512,iobit.com
1513,bamboohr.com
1514,mql5.com
1515,unrealengine.com
1516,tmz.com
1517,jmcomic1.win
1518,collinsdictionary.com
1519,e-taxes.gov.az
1520,index-education.net
1521,nordstrom.com
1522,pdffiller.com
1523,vultr.com
1524,ruiwen.com
1525,sport.es
1526,shandong.gov.cn
1527,dictionary.com
1528,gap.com
1529,thefappeningblog.com
1530,pinterest.co.uk
1531,4px.com
1532,24h.com.vn
1533,gamekee.com
1534,o8tv.com
1535,20minutos.es
1536,tdameritrade.com
1537,paheal.net
1538,netsuite.com
1539,ubuntu.com
1540,kijiji.ca
1541,tinkoff.ru
1542,kinsta.com
1543,znds.com
1544,hugedomains.com
1545,nairaland.com
1546,eleme.cn
1547,tvbs.com.tw
1548,thenetnaija.net
1549,pornkai.com
1550,gitbook.io
1551,adguard.com
1552,gate.io
1553,dji.com
1554,bestbuy.ca
1555,oxu.az
1556,callofduty.com
1557,pypi.org
1558,forexfactory.com
1559,lgyy.cc
1560,studentaid.gov
1561,zdf.de
1562,dhgate.com
1563,donga.com
1564,jsonplayer.com
1565,lofter.com
1566,baidu-int.com
1567,independent.co.uk
1568,sport.pl
1569,walgreens.com
1570,cafe24.com
1571,successfactors.com
1572,xhwide7.com
1573,caixa.gov.br
1574,realestate.com.au
1575,clickfunnels.com
1576,digitaltrends.com
1577,kkx.net
1578,iknight.top
1579,byrut.org
1580,mirror.co.uk
1581,boc.cn
1582,shop.app
1583,usnews.com
1584,hifini.com
1585,meesho.com
1586,antfin-inc.com
1587,arxiv.org
1588,jste.net.cn
1589,united.com
1590,shutterfly.com
1591,php.net
1592,bitchute.com
1593,4kdownload.com
1594,ppomppu.co.kr
1595,xlivrdr.com
1596,exoclick.com
1597,cornell.edu
1598,hao6v.tv
1599,wikidot.com
1600,smartsheet.com
1601,kooora4lives.net
1602,stake.com
1603,momoshop.com.tw
1604,zarinpal.com
1605,collegeboard.org
1606,techtarget.com
1607,itellyou.cn
1608,kuronekoyamato.co.jp
1609,dtdjzx.gov.cn
1610,testbook.com
1611,icauto.com.cn
1612,bg4nxu2u5t.com
1613,skyscanner.net
1614,g2a.com
1615,ivi.ru
1616,aljazeera.net
1617,tgju.org
1618,stockx.com
1619,matchtv.ru
1620,tci.ir
1621,xinpianchang.com
1622,icims.com
1623,semanticscholar.org
1624,getpocket.com
1625,rozetka.com.ua
1626,javdb006.com
1627,ole.com.ar
1628,southwest.com
1629,biomedcentral.com
1630,usi32.com
1631,errors.net
1632,last.fm
1633,huobi.com
1634,turbopages.org
1635,yinfans.me
1636,odcoc.com
1637,zerohedge.com
1638,vseinstrumenti.ru
1639,immobilienscout24.de
1640,skroutz.gr
1641,goojara.to
1642,isna.ir
1644,watchfreejavonline.co
1645,pixeldrain.com
1646,liquipedia.net
1647,ilmeteo.it
1648,smallseotools.com
1649,feimaoyun.com
1650,bahn.de
1651,razorpay.com
1652,jiemian.com
1653,samsclub.com
1654,tubitv.com
1655,wondershare.com
1656,ucla.edu
1657,argos.co.uk
1658,exporntoons.net
1659,imhentai.xxx
1660,reverb.com
1661,nikkei.com
1662,fbsbx.com
1663,cuevana3.ai
1664,milliyet.com.tr
1665,oreno-erohon.com
1666,migu.cn
1667,csc.gov.in
1668,hinet.net
1669,yinghuacd.com
1670,tradeinn.com
1671,freepikcompany.com
1672,lordfilm.lu
1673,seekingalpha.com
1674,itv.com
1675,psaisegn.net
1676,kp.ru
1677,freestreams-live1.com
1678,xjishu.com
1679,who.int
1680,soft98.ir
1681,cambro.tv
1682,ecollege.com
1683,ilfattoquotidiano.it
1684,syf.com
1685,wikiwand.com
1686,getadblock.com
1687,techcrunch.com
1688,lazada.vn
1689,tianqi.com
1690,creativefabrica.com
1691,streamable.com
1692,1ppt.com
1693,voot.com
1694,who.is
1695,asu.edu
1696,gmx.net
1697,pochta.ru
1698,lifewire.com
1699,rfi.fr
1700,jkanime.net
1701,mamastar.jp
1702,auction.co.kr
1703,x2download.app
1704,yatv.net
1705,lnkam.com
1707,lavanguardia.com
1708,zjzwfw.gov.cn
1709,ubc.ca
1710,virustotal.com
1711,oa.com
1712,gsxt.gov.cn
1713,vivo.com.cn
1714,nudevista.com
1715,slidesgo.com
1716,elementor.com
1717,web.dev
1718,freesion.com
1719,leroymerlin.ru
1720,library.lol
1721,cainiao.com
1722,temp-mail.org
1723,wujicloud.cn
1724,ekangw.net
1725,zee5.com
1726,ruten.com.tw
1727,cbc.ca
1728,mercadolibre.com.co
1729,seek.com.au
1730,irna.ir
1731,bt4g.org
1732,temu.com
1733,yaraon-blog.com
1734,mydealz.de
1735,omegle.com
1736,aigei.com
1737,startpage.com
1738,licdn.com
1739,photopea.com
1740,ozbargain.com.au
1741,ygdy8.com
1742,weblio.jp
1743,walmart.ca
1744,daraz.com.bd
1745,jumia.com.ng
1746,leigod.com
1747,banvenez.com
1748,greenhouse.io
1749,ccb.com
1750,haberler.com
1751,odysee.com
1752,raw.githubusercontent.com
1753,kmail-lists.com
1754,reurl.cc
1755,hentaiheroes.com
1756,addthis.com
1757,linkbux.com
1758,chingari.io
1759,avast.com
1760,urporn.com
1761,almasryalyoum.com
1762,tass.ru
1763,post.ir
1764,javhub.net
1765,commbank.com.au
1766,mongodb.com
1767,highperformancecpmgate.com
1768,topnewsfeeds.net
1769,postermywall.com
1770,imagebam.com
1771,oneclickstar.com
1772,simplilearn.com
1773,banesconline.com
1774,json.cn
1775,appmedia.jp
1776,outlook.com
1777,liveworksheets.com
1778,seznamzpravy.cz
1779,twilio.com
1780,arstechnica.com
1781,theathletic.com
1782,byted.org
1783,free.fr
1784,ad.nl
1785,lexiangla.com
1786,indiatoday.in
1787,express.dhl
1788,xozilla.com
1789,inutomo11.com
1790,rubymillsnpro.com
1791,intel.cn
1792,jlu.edu.cn
1793,pirlotvonline.org
1794,odoo.com
1795,rapidgator.net
1796,alphacoders.com
1797,kahoot.it
1798,kaiserpermanente.org
1799,mykajabi.com
1800,epochtimes.com
1801,theqoo.net
1802,clevelandclinic.org
1803,live-kooora-tv.com
1804,codeantenna.com
1805,sabah.com.tr
1806,wordwall.net
1807,tinkercad.com
1808,creditkarma.com
1809,szu.edu.cn
1810,twidouga.net
1811,whu.edu.cn
1812,filgoal.com
1813,japaneseasmr.com
1814,imagefap.com
1815,tmtpost.com
1816,gkmohklyjyh.com
1817,18comic.vip
1818,anten.ir
1819,voachinese.com
1820,ludashi.com
1821,bookmyshow.com
1822,mrdeepfakes.com
1823,eztv.re
1824,shareasale.com
1825,mediaset.it
1826,livetv600.me
1827,users.wix.com
1828,shahed4u.team
1829,google.lk
1830,thegamer.com
1831,bytedance.com
1832,wordhippo.com
1833,nseindia.com
1835,instacart.com
1836,bunshun.jp
1837,135editor.com
1838,time.ir
1839,oneindia.com
1840,express.co.uk
1841,myqcloud.com
1842,royalmail.com
1843,adjust.com
1844,nsw.gov.au
1845,jobinja.ir
1846,leboncoin.fr
1847,221134.cn
1848,libgen.is
1849,mvnrepository.com
1850,dramacool9.co
1851,xiaoheihe.cn
1852,tubesafari.com
1853,streameast.ml
1854,betway.co.za
1855,dr.dk
1856,ensonhaber.com
1857,line.biz
1858,citationmachine.net
1859,educoder.net
1860,ytmp3.cc
1861,alvinhkh.com
1862,iddense.com
1863,trontv.com
1864,mofcom.gov.cn
1865,lego.com
1866,dexerto.com
1867,abc.es
1868,neexulro.net
1869,ranker.com
1870,gaosan.com
1871,fourpetal.com
1872,dcard.tw
1873,sketchfab.com
1874,google.com.pe
1875,mofidonline.com
1876,www.nhs.uk
1877,tomshardware.com
1878,hacg.mom
1879,gazeta.ru
1880,viki.com
1881,manuscriptcentral.com
1882,ziprecruiter.com
1883,duomai.com
1884,aftonbladet.se
1885,ulta.com
1886,javashuo.com
1887,jjwxc.net
1888,kajabi.com
1889,leagueoflegends.com
1890,21food.cn
1891,breitbart.com
1892,rarbg.to
1893,oreilly.com
1894,itmop.com
1895,veporno.net
1896,115.com
1897,nju.edu.cn
1898,perfectgirls.net
1899,google.ro
1900,cli.im
1901,weather.com.cn
1902,wuqiandi.top
1903,utoronto.ca
1904,sf-converter.com
1905,panda321.com
1906,kickassanime.ro
1907,google.ch
1908,documentforce.com
1909,wybg666.com
1910,sketchup.com
1911,ecnu.edu.cn
1912,howtogeek.com
1913,rtl-theme.com
1914,ny.gov
1915,ntyou.cc
1916,futbin.com
1917,tsn.ca
1918,cardinalcommerce.com
1919,pcgamer.com
1920,adultfriendfinder.com
1921,zeit.de
1922,cmoa.jp
1923,bedbathandbeyond.com
1924,afdian.net
1925,youzan.com
1926,elastic.co
1927,lite-1x500621.top
1928,tudn.com
1929,winwin7.com
1930,51dongshi.com
1931,guru99.com
1932,mynavi.jp
1933,filecr.com
1934,icve.com.cn
1935,weather.gov
1936,1fichier.com
1937,garmin.com
1938,urbandictionary.com
1939,hihonor.com
1941,ft.com
1942,baozimh.com
1943,getintopc.com
1944,foodmate.net
1945,mailerlite.com
1946,passportindia.gov.in
1947,cnpython.com
1948,jnu.edu.cn
1949,jb51.cc
1950,soft5566.com
1951,lanzoul.com
1952,foxbusiness.com
1953,iam.gov.sa
1954,reactjs.org
1955,588ku.com
1956,photoint.net
1957,tubegalore.com
1958,welt.de
1959,qb5200.com
1960,purdue.edu
1961,pelisplushd.nz
1962,3bmeteo.com
1963,o2.pl
1964,kotaku.com
1965,pngegg.com
1966,9anime.gs
1967,klarna.com
1968,company-information.service.gov.uk
1969,olx.com.pk
1970,comic-walker.com
1971,casasbahia.com.br
1972,pixieset.com
1973,prnt.sc
1974,unity3d.com
1975,thomasbarlowpro.com
1976,depositphotos.com
1977,rtve.es
1978,ciceksepeti.com
1979,cic.gc.ca
1980,minecraft.net
1981,chouti.com
1982,literotica.com
1983,myasiantv.cc
1984,hlsloader.com
1985,javgg.net
1986,btnull.in
1987,computrabajo.com
1988,kxdw.com
1989,blizzard.cn
1990,brazzers.com
1991,pch.com
1992,chewy.com
1993,69shu.com
1994,netbian.com
1995,postimg.cc
1996,shavetape.cash
1997,ujiaoshou.com
1998,jbzd.com.pl
1999,jusbrasil.com.br
2000,kawunimy.com
2001,planetsuzy.org
2002,bestjavporn.com
2003,ultipro.com
2004,umamusume.net
2005,5axxw.com
2006,blibli.com
2007,iyf.tv
2008,crsky.com
2009,appsumo.com
2010,padlet.com
2011,cc98.org
2012,givemenbastreams.com
2013,olx.pl
2014,vseigru.net
2015,tomsguide.com
2016,n11.com
2017,burusoku-vip.com
2018,shonenjumpplus.com
2019,pub.dev
2020,logi.com
2021,pelisplus.lat
2022,ycombinator.com
2023,lingxing.com
2024,mehrnews.com
2025,johnlewis.com
2026,mangaraw.io
2027,editorialmanager.com
2028,fuse-cloud.com
2029,chron.com
2030,rbcroyalbank.com
2031,tinyurl.com
2032,court.gov.cn
2033,kooora365.com
2034,alarabiya.net
2035,shueisha.co.jp
2036,adblockstreaming.com
2037,shobserver.com
2038,otnolatrnup.com
2039,pintia.cn
2040,iherb.com
2041,netflav.com
2042,2ch-c.net
2043,pudn.com
2044,shopee.sg
2045,ycwb.com
2046,asahi.com
2047,bulbagarden.net
2048,bejson.com
2049,wnflb99.com
2050,futemax.app
2051,jobkorea.co.kr
2052,etsystatic.com
2053,lequipe.fr
2054,miit.gov.cn
2055,diagrams.net
2056,yebaike.com
2057,sblongvu.com
2058,dotesports.com
2059,gfycat.com
2060,amazon.com.br
2061,transfermarkt.com
2062,deloitte.com
2063,sdu.edu.cn
2064,kaspersky.com
2065,pdf2go.com
2066,hotels.com
2067,anl.az
2068,jooble.org
2069,javsee.life
2070,blogimg.jp
2071,lihkg.com
2072,drudgereport.com
2073,books.com.tw
2074,dubz.co
2075,mockplus.cn
2076,porntn.com
2077,jalan.net
2078,apartments.com
2079,witanime.com
2080,etrade.com
2081,finviz.com
2082,freebitco.in
2083,mat6tube.com
2084,linuxhint.com
2085,diyifanwen.com
2086,mercantilbanco.com
2087,upenn.edu
2088,groww.in
2089,iafd.com
2090,w3.org
2091,iikx.com
2092,pinterest.com.mx
2093,cyberleninka.ru
2094,sflix.to
2095,rmdown.com
2096,sejda.com
2097,studocu.com
2098,redhat.com
2099,infinitynewtab.com
2100,cosmopolitan.com
2101,mangafreak.net
2102,yangshipin.cn
2103,beinmatch.one
2104,hpjav.tv
2105,viiqvmfb.com
2106,hotjar.com
2107,anonfiles.com
2108,ubereats.com
2109,sapo.pt
2110,serverfault.com
